document,sentiment_label,polarity,subjectivity
good package,positive,0.7,0.6
good customer service,positive,0.7,0.6
far good charlie efficient helpful let¬ hope continue confident,positive,0.43,0.81
great communication,positive,0.8,0.75
chris amaze contact put detail online,negative,0.0,0.0
nan,negative,0.0,0.0
price bundle go 2 day place order,negative,0.0,0.0
simple straightforward process lot information thing remember phone,positive,0.19,0.37
amazing service job complete,positive,0.35,0.65
goo service,negative,0.0,0.0
nan,negative,0.0,0.0
guy speak helpful give fantastic deal look forward receive box downfall wait time two week sure worth wait,positive,0.4,0.63
nan,negative,0.0,0.0
work far high standard phone agent people come house professional polite would definitely recommend,negative,0.07,0.43
great service tony,positive,0.8,0.75
two day what¬ ap,negative,0.0,0.0
spoke several company people first contact steph take extreme care explain option available conversation last hour many thanks steph follow speak three people become clear husband penalty fee leave bt put us invidious position pensioner able proceed speak ine manage somehow procure part btis despicable fee finally allow us go ahead many thanks therefore people help,positive,0.21,0.43
good early day yet,positive,0.4,0.45
nice pleasent aswell,positive,0.6,1.0
alright reasonably good,positive,0.7,0.6
nan,negative,0.0,0.0
nan,negative,0.0,0.0
phone helpful fella question get run little time better internet around area,positive,0.16,0.5
nan,negative,0.0,0.0
extremely helpful engineer visit jo 32725,negative,-0.12,1.0
dee take ordering process could helpful go,negative,0.0,0.0
nan,negative,0.0,0.0
hood customer service,negative,0.0,0.0
nan,negative,0.0,0.0
mat brilliant follow advailabe really professional plesent deal,positive,0.5,0.55
set yet speak ashley informative pleasant saturday chap come day road house infrastructure satisfactory today site management check everything instal satisfactory happy,positive,0.77,0.98
nan,negative,0.0,0.0
nan,negative,0.0,0.0
friendly easy talk understand want happy help,positive,0.54,0.78
try get phone,negative,0.0,0.0
excellent customer service,positive,1.0,1.0
service good,positive,0.7,0.6
professional service,positive,0.1,0.1
easy deal,positive,0.43,0.83
higher speed skybut connection disappointedwe connect 3x tv1 tablet 3 mobile phone via wifi rubbish signalrestarted router light ok wifi poorno goodengineer helpfull work correctly complaint,positive,0.21,0.47
difficult talk anyone expensive always problem many call lot mistake take place name date leave move mislead advertising appear cheaper actually cost sorry negative however accurate reflection company however fast mostly reliable internet,negative,-0.02,0.6
explain could understand say thank u lady speak,negative,0.0,0.0
friendly efficient help,positive,0.38,0.5
nan,negative,0.0,0.0
always good relationship company come across unhelpful customer service employee rest history,positive,0.7,0.6
nan,negative,0.0,0.0
easy join company friendly advisor,positive,0.4,0.67
nan,negative,0.0,0.0
advisor speak helpful explain thing clearly also friendly really understood look best help,positive,0.42,0.35
polite could skilled provide guidance eg minimum amount broadband mbps work home video conferencing require instead pretend know,positive,0.5,0.5
impress company decide stay sky,negative,0.0,0.0
bad experience customer service proceed installation,negative,-0.7,0.67
customer service new customer excellent,positive,0.57,0.73
nan,negative,0.0,0.0
nan,negative,0.0,0.0
ask service company medium supply connect somewhat pointless customer support staff helpful online mechanism give headache would certainly recommend mechanism get company medium service time tell whether score increase,negative,-0.02,0.54
helpful advisor,negative,0.0,0.0
chap deal friendly professional efficient question answer promptly feel reassure get good service future,positive,0.29,0.33
nan,negative,0.0,0.0
order package online mean easy process online chat system tell want change delivery address give company quick call would amend result 3 hour phone customer service put different operator 2 occasion whole order process although explain already online want change address operator try helpful appreciate process drain 3 hour ridiculous amount time,negative,0.05,0.67
bad,negative,-0.7,0.67
friendly good customer service plus suitable product easy sign,positive,0.51,0.67
excellent line service,positive,1.0,1.0
wa promise call back change direct debit detail call receive,negative,0.05,0.2
nan,negative,0.0,0.0
nan,negative,0.0,0.0
nan,negative,0.0,0.0
extremely happy quickly get run mess like vodafone would happily recommend anyone fast trouble free experience start finish thank team,positive,0.31,0.61
nan,negative,0.0,0.0
great service good price,positive,0.75,0.68
efficient friendly proffessional experience initial phone call fitting thankyou,positive,0.29,0.33
friendly service,positive,0.38,0.5
simple process helpful staff,negative,0.0,0.36
nan,negative,0.0,0.0
nan,negative,0.0,0.0
nan,negative,0.0,0.0
marco helpful,negative,0.0,0.0
nan,negative,0.0,0.0
nan,negative,0.0,0.0
nan,negative,0.0,0.0
nan,negative,0.0,0.0
nan,negative,0.0,0.0
company tell cable tell cancel sky tuesday company get set company man turnt there¬ cable wait 2 week internet someone work home can¬ work daughter home school can¬ lesson thank company i¬ even yet i¬ get hassle¬¦,negative,0.0,0.0
nan,negative,0.0,0.0
zero success support get service activate almost 2 day without data many day go,positive,0.4,0.25
nan,negative,0.0,0.0
good service make complicated thing easy,positive,0.21,0.81
indian call centre,negative,0.0,0.0
excellent service,positive,1.0,1.0
confirmation procedure strange robot detection pathetic minute picture american dialect 77 fail consistently pass fantastic test,negative,-0.15,0.43
new customer contract cancel without notify box arrive call see happen wait another 3 day box arrive,positive,0.14,0.45
agent sally extremely helpful go extra mile,negative,-0.06,0.55
felt treat better sky,positive,0.5,0.5
nan,negative,0.0,0.0
good customer service,positive,0.7,0.6
great service good price,positive,0.75,0.68
polite efficient installation thank everything would expect company,negative,0.0,0.0
fast service coverage,positive,0.2,0.6
helpful,negative,0.0,0.0
nan,negative,0.0,0.0
daughter organise mean communication distance return live england use go smoothly quickly,negative,0.05,0.56
engineer helpful someone familiar technology,positive,0.38,0.5
absolutely awful send two hdmi lead usb plug tele box long wind message explain they¬ get wrong woman say ok i¬ send hdmi lead don¬ need one two explain another agent apologise i¬ come home another hdmi lead seriously something wrong people job properly absolutely shock i¬ borrow lead plug distributor job properly packing customer service read message properly say they¬ get right clearly haven¬ i¬ return company leave install everything charge lot first bill it¬ shock,negative,-0.09,0.56
enquiry resolve time think go many unstackles,positive,0.5,0.5
nan,negative,0.0,0.0
really friendly experienced staff,positive,0.59,0.7
clara helpful extremely patient question,negative,-0.12,1.0
nan,negative,0.0,0.0
nan,negative,0.0,0.0
nan,negative,0.0,0.0
nan,negative,0.0,0.0
happy price yet experience service,positive,0.8,1.0
excellent service lovely representative mathius,positive,0.75,0.88
charlotta helpful,negative,0.0,0.0
good service engineer time tell standard product,positive,0.35,0.3
nan,negative,0.0,0.0
please installation even slight problem date appointment sort manager,negative,-0.17,0.17
quick service,positive,0.33,0.5
score 9 felt really comfortable person speak explain everything conversation ðxx0018,positive,0.4,0.8
good communication skill online get want instalation breeze,positive,0.7,0.6
agent helpful polite clear explanation process great help,positive,0.45,0.57
still connection line fault since 24th able connect since get system,positive,0.5,0.62
helpful easy talk pushy get commit good deal willing call back free patent decide deal want explain everything need know,positive,0.36,0.6
blitz 12 call company medium week ring back one time account could find time call nobody find log call reason call i¬ impress continue possibly cancel order enough enough,negative,0.0,0.5
professional kind great customer service engineer,positive,0.5,0.58
engineer come installation phenomenal,positive,0.5,0.5
phone company medium behalf cousin get broadband company medium quick send box could get connect company medium send engineer next day thank company medium,positive,0.17,0.25
offer package gem include netflix accept phone email come netflix despite repeated phone call company tell could add texts gemis mobile number go unanswered already give notice sky stuck installation tomorrow terrible service,negative,-0.55,0.6
ally helpful join encounter issue kindly resolve,positive,0.6,0.9
good internet moment,positive,0.7,0.6
polite knowledgeable call staff explain everything really,positive,0.2,0.2
join newly request change package realise phone line include agent attend well charge email kept send earlier package must improve,negative,0.07,0.48
nan,negative,0.0,0.0
two helpful lady,negative,0.0,0.0
nan,negative,0.0,0.0
nan,negative,0.0,0.0
nan,negative,0.0,0.0
process pretty easy,positive,0.34,0.92
take one half hour sign 80 yr old find experience exhausting,negative,-0.16,0.29
informative,negative,0.0,0.0
relatively straightforward,positive,0.38,0.38
choice option unhelpful difficult find option want receive 4 different set document text message 1 set email get thing really want need make cost bearable,negative,-0.1,0.6
adviser friendly helpful,positive,0.38,0.5
receive order company efficient prepare broadband installation,negative,0.0,0.0
13th march order supanet contact 3rd april find could expect broadband answer immediately cancel order contact company sale speak helpful gentleman inform company would run 2 day 5th april immediately confirm order today wednesday 5th april receive parcel company broadband connect well company excellent service,positive,0.33,0.33
angie explain well,negative,0.0,0.0
wouldn¬ let add referral link set,negative,0.0,0.0
make choice company supply new home lucky enough niccy phone i¬ young person sometimes one get confuse technology explain everything great detail credit company thank much receive kit yet i¬ sure it¬ way,positive,0.3,0.58
register volt m250 broadband plus 02 sim receive pre contract cs correct detail message say buy m50 plus landline take hour phone customer service correct last message get say let us lock although attached cs contract correct m250 entry different pre contract cs £30 fee add wifi hub list broadband service miss detail minimum speed expect etc contact customer service ask rectify error send amend contract get message first bill £3998 still wait amend contract,negative,0.08,0.33
easy setup call handler helpful,positive,0.43,0.83
friendly know,positive,0.38,0.5
nan,negative,0.0,0.0
good service¬,positive,0.7,0.6
nan,negative,0.0,0.0
happy everythin,positive,0.8,1.0
agent set account say would give us £150 free netflix never telephone 6 hour 12 different agent try resolve new account receive agent say would give us sign new contract beyond comprehension staff fundamentally dishonest 6 hour speak 12 different people honest clue talk finally get agent call cory eventually try sort total mess disappointed sky 12 year problem want leave cost day someone appear door say would like us put cable unaware anyone come put cable communication agent customer total unacceptable,negative,0.0,0.63
nan,negative,0.0,0.0
order package company run 22nd april need see good give top mark,positive,0.6,0.55
everyone extremely helpful,negative,-0.12,1.0
nan,negative,0.0,0.0
nan,negative,0.0,0.0
nan,negative,0.0,0.0
first contact important sign new service sign felt friendly professional way,positive,0.25,0.48
broadband package tempt customer service excellent,positive,1.0,1.0
due outstanding customer service show company rep call clara deliver customer satisfaction master class send email praise coming day,positive,0.19,0.62
good response,positive,0.7,0.6
good,positive,0.7,0.6
nan,negative,0.0,0.0
nan,negative,0.0,0.0
nan,negative,0.0,0.0
nan,negative,0.0,0.0
person talk go happen patient talk wã¡s happening,negative,0.0,0.0
strange company,negative,-0.05,0.15
hardworking punctual quits carry work,negative,0.0,0.0
helpful pleasant polite make sure understand contract,positive,0.62,0.93
polite professional people sort package,positive,0.1,0.1
agree yet bombard email reply set direct debit without knowledge,positive,0.1,0.4
experience try cancel contract 14day cool awful overseas call centre rude unhelpful,negative,-0.32,0.75
engineer attend house friendly great sense humour,positive,0.59,0.62
good never give 10 anything,positive,0.7,0.6
want cancel don¬ allow,negative,0.0,0.0
keep send email even delete don¬ want answer,negative,0.0,0.0
good range product affordable price,positive,0.7,0.6
lady nice phone don¬ know much internet,positive,0.4,0.6
rep talk far quickly us take everything keep stop get end,positive,0.22,0.75
good communication easy solve net problem helpful attitude,positive,0.38,0.48
c agent engineer superb installation super quick great service,positive,0.62,0.73
installation man good,positive,0.7,0.6
customer service great engineer lucas brilliant credit companyðxüðxx0018ðx¾,positive,0.85,0.88
helpful customer service rosie total star easytoinstall setup,negative,0.0,0.75
call join new customer move new property process buying speak marco extremely useful assist first select package follow contact seller prompt let company know switch service property call back confirm seller exchange date week later use markis number provide mark remember conversation week ago despite speak many people time mark provide absolute pristine customer service without markis assistance first call never know whether would continue company look option thank,positive,0.2,0.33
polite friendly,positive,0.38,0.5
poor customer service i¬ tell twice i¬ get call back nothing happen website say sky channel hd sky sport not¬¦very mislead customer,negative,-0.2,0.3
good lady phone today,positive,0.7,0.6
nan,negative,0.0,0.0
competent representative guide join companyia medium,positive,0.5,0.67
although initial inquiry smooth problem arise ongoing,positive,0.2,0.25
nan,negative,0.0,0.0
excellent service politeness,positive,1.0,1.0
guy come install company medium home pleasant helpful would recommend company medium friend family,positive,0.73,0.97
good friendly service quick easy,positive,0.46,0.61
good value reasonable price,positive,0.45,0.6
excellent service front desk,positive,1.0,1.0
helpful positive response ring set broadband thank,positive,0.23,0.55
friendly knowledgeable,positive,0.38,0.5
much pressure join cancel,positive,0.2,0.2
jake representative company simply beyond helpful everything ease,negative,0.0,0.36
good customer service,positive,0.7,0.6
keep send message completely different person tell equipment deliver hasn¬ email totally wrong price impress go don¬ know,negative,-0.25,0.75
efficient friendly service,positive,0.38,0.5
fast good,positive,0.45,0.6
cut internet ask router send 500 tracker show 10 12,negative,0.0,0.0
happy service employee telephone engineer instal equipment seem get money,positive,0.8,1.0
helpful friendly intelligent skilful nice gentleman,positive,0.59,0.8
na,negative,0.0,0.0
help full get great deal wait install broadband,positive,0.57,0.65
keep send message completely different person tell equipment deliver hasn¬ email totally wrong price impress go don¬ know,negative,-0.25,0.75
excellent advice contact centre prompt contact installation agent day order place,positive,1.0,1.0
niccy answer number wa absolutely brilliant help every single way possibly could resolve issue face regard installation please make sure aptly reward service impeccable,positive,0.45,0.81
nan,negative,0.0,0.0
excellent service get go gent speak phone guy installation superb can¬ remember name though,positive,1.0,1.0
ever since sign nothing pain try sort sim card company didnt seem understand get seamlessly exist 02 sim card new one sign make new email adresses thing got send 2 sim card wrong ordeal try get company understand sutuation didnt know sort charge 2 thats person speak even audacity try sell big multi sim card deal want one one sign 2 send top eventually speak 02 sound,positive,0.11,0.42
nan,negative,0.0,0.0
order thursday 20th april send confirmation delivery monday 24th delivery late call friday 28th inform order go order phone another credit check soonest delivery tuesday 2nd may,negative,-0.1,0.2
nan,negative,0.0,0.0
nan,negative,0.0,0.0
adaptable patient helpful,negative,0.0,0.0
agent polite helpful wonder send contract paper detail promise also like remind one month free plus six month £1500,positive,0.4,0.8
helpful,negative,0.0,0.0
impress tv broadband deal promise 10g data 02 5 also tell would hard search credit record wasn¬ true either,negative,0.03,0.6
good price it¬ reason guess 18 month want charge shall go back sky it¬ mad,negative,0.02,0.53
really really helpful,positive,0.2,0.2
customer service excellent,positive,1.0,1.0
requirement meet courtesy helpfulness promptness inform need know,negative,0.0,0.0
nan,negative,0.0,0.0
agent helpful set new broadband true gent,positive,0.24,0.55
friendly staff accommodating,positive,0.38,0.5
pleased detailed information quick efficient service,positive,0.41,0.75
price better sky better broadband speed easy transition agent great sale assistant instalation date quick happy service look forward company package,positive,0.56,0.68
awful,negative,-1.0,1.0
nan,negative,0.0,0.0
gentleman jack kindly get good price package explain everything well,positive,0.65,0.75
nan,negative,0.0,0.0
good service try get talk human person really hhard people use use good english therefore easy communicate,positive,0.34,0.39
package look competitive opt support company representative miss voucher offer £160 isn¬ good also referrer struggle access account password reset isn¬ work,positive,0.7,0.6
router cover whole house computer back house run slow also would need keep answer phone hive hub front room good ring cancel tell least 7 day delay go pay even though cancel next day activation service also tell high connection charge case register service tell would connection charge point telephone operator check agree connection charge would pay service next seven day least happy use service two day day activate day cancel wed 3rd may thursday 4th may even connect tv use company tv box,negative,0.09,0.34
long installation time mislead text message,negative,-0.05,0.4
nan,negative,0.0,0.0
nan,negative,0.0,0.0
easy process although go question time original contact never get touch say would hopefully instal great experience,positive,0.54,0.78
nan,negative,0.0,0.0
best broadband,positive,1.0,0.3
helpful reliable stick work man answer request care efficient say wifi instal another 2 week use company medium 8 year,negative,0.0,0.0
nan,negative,0.0,0.0
nan,negative,0.0,0.0
good service much cheaper sky,positive,0.45,0.4
good internet connection,positive,0.7,0.6
nan,negative,0.0,0.0
agent helpful start finish make sure get right package us best price,positive,0.6,0.57
easy speak one problem,positive,0.43,0.83
poor customer care tell wait engineer day nobody arrive call tell go happen,negative,-0.4,0.6
agent come polite helpful although tell phone box wire house quick set wasnnot allocate enough time stay solve problem explain everything work,positive,0.17,0.5
customer service awful really need ditch overseas call center kindness understand voice go long way feel contempt operator voice snigger laugh say understnd say feel intentional quite get word due strong accent save grace physical connection stability thankfully connection quality good rarely ever thank goodness contact call center would touch barge pole otherwise take look broadband operator absolutely marvellous lesson learn brush carpet haha,negative,0.07,0.45
nan,negative,0.0,0.0
polite engineer consult every step patient,negative,0.0,0.0
nan,negative,0.0,0.0
helpful informant,negative,0.0,0.0
nan,negative,0.0,0.0
engineer visit install cable exceptionally good personable good communicator importantly stop installation face obstruction rather overcome obstruction ensure installation complete elaborate hedge wall cable come modern day engineer would stop job point cite hedge obstruction stevie get hedge ensure job get really impressed,positive,0.51,0.7
polite helpful phone staff reach make extra effort call back help move internet address even request know reach search post code next address via company medium website go way help change account detail well kind,positive,0.15,0.25
fantastic customer experience,positive,0.4,0.9
nan,negative,0.0,0.0
quick prompt friendly service,positive,0.35,0.5
colleague call polite professional efficient would recommend company anyone know one set,positive,0.1,0.1
nan,negative,0.0,0.0
lady ring promise helpful friendly,positive,0.38,0.5
nan,negative,0.0,0.0
call company everyday 150523 speak least 10 different people 10 different department time reexplain situation one member say yes activate internet different department get department say could manager available talk tell activation happen 3 different date due company delay cause loose wage work work home rely internet work son disabled use internet communicate 3 day non communication far speak supplier cancel company within 30day cool period circumstance recommend company publish experience social medium need get department organise leadership need hold accountable staff clearly need adequate training,negative,0.03,0.48
james helpful help get best package family wait 31st may full installation wish sooner,positive,0.68,0.43
service fabulous,positive,0.4,1.0
everything make extremely clear agent deal polite friendly promise call back actually plan,positive,0.12,0.25
helpful agent clearly state everything need know take whole process polite professional manner state service would start expect equipment,positive,0.13,0.29
nan,negative,0.0,0.0
polite helpful get speak somebody,negative,0.0,0.0
nan,negative,0.0,0.0
find service far good however research service evaluation company customer service respond issue quite poor worry reserve judgement,positive,0.13,0.73
customer service excellent customer thats leave im crawl back haha,positive,0.4,0.43
man speak polite helpful,negative,0.0,0.0
fantastic customer service,positive,0.4,0.9
coz davie lovely great salesman¬¦ local me¬¦ hope maintain excellent customer service give call previous customer company¬¦ then¬¦ customer service absolutely pant,positive,0.39,0.59
friendly patient staff assist always keep inform go time great service,positive,0.59,0.62
great value money friendly helpful customer service installation yet can¬ comment much far good,positive,0.49,0.71
nan,negative,0.0,0.0
customer service excellent polite extremely helpful,positive,0.44,1.0
angieis customer service excellent take option clear comprehensive way make sure thing get sort really quickly super friendly talk,positive,0.46,0.69
technician excellent,positive,1.0,1.0
customer 20 year always good service,positive,0.7,0.6
representative helpful give good advice understood need,positive,0.7,0.6
excellent service,positive,1.0,1.0
quick easy set,positive,0.38,0.67
good customer service,positive,0.7,0.6
nan,negative,0.0,0.0
wa call take item need try cancel part poor reduction remove item go cancel could understand call handler ask repeat say back still cancel hope get british native speaker next time,negative,-0.1,0.15
nan,negative,0.0,0.0
nan,negative,0.0,0.0
good customer service polite staff,positive,0.7,0.6
lady help name clara absolutely wonder explain everything delight speak toplease thank tell enjoy chat,positive,0.3,0.7
experience really good price bit expensive good experience company medium far engineer come address professional friendly really good job run wire nice tidy exactly want,positive,0.36,0.61
good service,positive,0.7,0.6
mat incredibly helpful friendly make feel ease try decide go go pressure lay fact remain friendly call engineer come speak cary also incredibly helpful book someone within day polite talkative finally si come colleague name unable get install great make process easy understand process even help cable know damage start end process excellent special thank help,positive,0.46,0.75
nan,negative,0.0,0.0
best technician ever meet professional gentle person calm cool personality even though delay open door wait patiently cool overall installation go fast perfectly thank provide professional good character rather provider one point right sheet,positive,0.35,0.51
person speak extremely helpful informative package purchase improvement deal get another provider,negative,-0.12,1.0
ellie nice easygoing funny,positive,0.42,1.0
proactive call add basket save call next day fill request information outside house cable contractor arrive hour later fit cable unbelievable service,negative,0.03,0.29
friendly quick service,positive,0.35,0.5
engineer come help installation abbie go beyond understand want setup make sure everything properly happy service,positive,0.65,0.94
nan,negative,0.0,0.0
reason following joining company subsequent next day company team fitted equipment outside cottage newtongrange thankyou much promt service one small complaint difficulty obtaining due financial reward sincerely,negative,0.0,0.19
friendly helpful,positive,0.38,0.5
super quick responsive helpful great customer service thankyou,positive,0.49,0.64
angie extremely helpful help choose right package need think,negative,0.08,0.77
great service sale consultant great deal offer,positive,0.8,0.75
speed awesome shut customer service excellent staff highly cooperative,positive,0.72,0.85
efficient courteous staff good service price glad board john,positive,0.6,0.87
nan,negative,0.0,0.0
easy set good price,positive,0.57,0.72
fast internet,positive,0.2,0.6
nan,negative,0.0,0.0
cant get box work,negative,0.0,0.0
helpful efficient service competitive broadband tv package,negative,0.0,0.0
terrible customer service week later wifi still set nobody contact since say would sort within 24 hr someone would call,negative,-0.5,0.5
good customer service agent find us really good deal lot better get sky,positive,0.63,0.57
nan,negative,0.0,0.0
reson one emplyee rosie help go extra mile phone ranking lady online sale department performance good,positive,0.35,0.35
nan,negative,0.0,0.0
nan,negative,0.0,0.0
nan,negative,0.0,0.0
nan,negative,0.0,0.0
prompt service,negative,0.0,0.0
nan,negative,0.0,0.0
young man visit set internet respectful informative knowledgeable,positive,0.3,0.55
internet isn¬ work team pushy despite put account detail talk someone phone repeat it¬ frustrating soul destroying experience,negative,-0.3,0.45
nan,negative,0.0,0.0
nan,negative,0.0,0.0
nan,negative,0.0,0.0
good service,positive,0.7,0.6
give 10 set tv broadband package one employeris team go payment bundle try charge set fee new free could say mistake wit point free charge would charge bill let check put right move carry deal infront apart helpful,positive,0.31,0.65
lady speak helpful,negative,0.0,0.0
nan,negative,0.0,0.0
nan,negative,0.0,0.0
nan,negative,0.0,0.0
nan,negative,0.0,0.0
nan,negative,0.0,0.0
good customer service adam knowledgeable helpful swift process order order arrive next day amazing seamlessly instal run nicely make huge difference internet speed thank great service hope maintain level throughout engaggement,positive,0.46,0.61
affordable price broadband speed,negative,0.0,0.0
nan,negative,0.0,0.0
service superp really appreciate turnaround well constant update regard progress company medium team friendly willing assist recommend company medium friend,positive,0.21,0.45
man talk help full,positive,0.35,0.55
technician name shabir perfect work nice company network wonderful,positive,0.87,1.0
satisfy service render company medium staff technician come install black box nice,positive,0.22,0.72
like professionalism,negative,0.0,0.0
sale team send wrong detail contract waste hour try get sort still sort,negative,-0.35,0.45
nan,negative,0.0,0.0
adam clearly know product clear wasn¬ try oversell offer best product available family¬ need dealt swiftly clearly explain process,positive,0.34,0.37
nan,negative,0.0,0.0
get good offer company sky,positive,0.7,0.6
nan,negative,0.0,0.0
nan,negative,0.0,0.0
far many email message plus two day since order phone line yet instal,positive,0.3,0.75
prompt response swift delivery good network affordability,positive,0.7,0.6
satisfied upto give 10 know run ok,positive,0.5,0.75
super,positive,0.33,0.67
quick efficient service easy set,positive,0.38,0.67
operator difficult understand call take one register complete process,negative,-0.2,0.7
happy maria customer service centre stephen technicianboth helpful understanding,positive,0.8,1.0
well give 4 set go fairly smooth next day call cs update bank detail find ongoing broadband issue area,positive,0.2,0.25
able change plan get help customer service,positive,0.5,0.62
nan,negative,0.0,0.0
nan,negative,0.0,0.0
nan,negative,0.0,0.0
wa helpful kind get everything sort quickly tell offer could get lovely guy give raise,positive,0.48,0.72
good affordable service staff helpful,positive,0.7,0.6
nan,negative,0.0,0.0
helpful polite well inform,negative,0.0,0.0
technician phone support team nice however connection expect product quite average,positive,0.22,0.7
nan,negative,0.0,0.0
reasonable price,positive,0.2,0.6
basically waste time can¬ install anything weren¬ interested try help set second chap give information tell would run cable outside house inside well impressed also told someone would touch effort happen cancel set fo direct debit,positive,0.19,0.33
nan,negative,0.0,0.0
polite extremely helpful great service,positive,0.34,0.88
nan,negative,0.0,0.0
belligerent team rest get connect really take time explain process make sense technical jargon associate service,positive,0.1,0.15
expensive best value around address,positive,0.25,0.5
nan,negative,0.0,0.0
good communication helpful,positive,0.7,0.6
good service clear concise,positive,0.3,0.53
find difficult understand agent phone rather agree eye try sell something different,negative,-0.25,0.8
cheap easy contact efficient good communication rep,positive,0.51,0.71
helpful tell deal,negative,0.0,0.0
nan,negative,0.0,0.0
staff knowledgeable product know sell,negative,0.0,0.0
staff nice patient assist choose plan,positive,0.6,1.0
phone conversation representative well explicit already sort order phone great job,positive,0.8,0.75
nan,negative,0.0,0.0
guy ring pleasant explain exactly go wasnnot home time,positive,0.49,0.61
accommodate request prefer cable routing work carry swiftly,negative,0.0,0.0
speak adam helpful,negative,0.0,0.0
helpful phone query,negative,0.0,0.0
nan,negative,0.0,0.0
nan,negative,0.0,0.0
friendly helpful,positive,0.38,0.5
need sim urgently tell get wednesday even though call monday evening get sim wednesday tell would,negative,0.0,0.0
nan,negative,0.0,0.0
professional come right time,positive,0.19,0.32
deal professional manner everything fully explain,positive,0.1,0.1
customer service point offer give excellent,positive,1.0,1.0
installation super fast easy delivery also fast internet speed excellent despite fact 500 800 instead 1company4 expect concern call request interned long take 1 hour,positive,0.35,0.68
girl speak brilliant helpful understanding get job,positive,0.9,1.0
nan,negative,0.0,0.0
quick n easy n understanding staff,positive,0.38,0.67
good customer service polite helpful lad didn¬ sell anything price good,positive,0.7,0.6
olivia help friendly,positive,0.38,0.5
nan,negative,0.0,0.0
efficient helpful,negative,0.0,0.0
hi yes phone lady speak say would phone back didn¬ much thought decide cancel package hope answer question,positive,0.1,0.1
friendly engineer answer question kindly instal system without hassle time,positive,0.49,0.7
nan,negative,0.0,0.0
term customer service it¬ pretty good however icing cake engineer setup company box name jeremiah helpful kind real asset company could give 12 10 would ðxü,positive,0.44,0.7
nan,negative,0.0,0.0
problem never solve,negative,0.0,0.0
really friendly,positive,0.38,0.5
helpful,negative,0.0,0.0
nan,negative,0.0,0.0
nan,negative,0.0,0.0
take three long frustrate call get agree new contract one point speak advisor 30 min put hold call end take 2 hour total,negative,0.03,0.53
nan,negative,0.0,0.0
nan,negative,0.0,0.0
offer best option suit friendly conversation helpful,positive,0.69,0.4
nan,negative,0.0,0.0
well,negative,0.0,0.0
unhappy read £54 installation fee apartment already assign company previous tennant engineer come install anything take delivery box instal,negative,-0.38,0.53
awful service support work sale help site doesnt work really disappointed,negative,-0.88,0.88
great customer service,positive,0.8,0.75
friendly explained thing well,positive,0.38,0.5
good service,positive,0.7,0.6
superb service helpful agent,positive,1.0,1.0
massive drama shell energy move home bad customer service speak company within 2 day active broadband house something she¬ couldn¬ 3 hr phone,negative,-0.28,0.76
customer service keep hang call can¬ solve problem overall sh service,negative,0.0,0.0
excellent service,positive,1.0,1.0
company medium guy helpful,negative,0.0,0.0
z guide process phone epitome empathetic warm professionalism customer service personnel good product remain competitive see become longterm loyal customer,positive,0.54,0.68
extremely disappointed customer service team still await response fraud prevention team waste hour time already service yet receive,negative,-0.47,0.38
internet crap get signal half stair call complain get fob staff you¬ train robots guy make want hang call every week sell mobile contract i¬ tell stop don¬ i¬ take number date call give ofcom harassment,negative,-0.48,0.48
brilliant customer service,positive,0.9,1.0
helpful friendly advisor good package deal,positive,0.54,0.55
communication terrible,negative,-1.0,1.0
efficient friendly,positive,0.38,0.5
helpful installation engineer whole team,positive,0.2,0.4
patient call handler explain everything detail good professionalism polite voice tone throughout upsell pressurise get service,positive,0.7,0.6
percy helpful polite patient,negative,0.0,0.0
despite enter data online go everything phone extremely difficult understand advisor,negative,-0.5,1.0
friendly adviser,positive,0.38,0.5
hardworking punctual quits carry work,negative,0.0,0.0
easy set process helpful staff phone,positive,0.43,0.83
nan,negative,0.0,0.0
great service friendly staff,positive,0.59,0.62
quick service,positive,0.33,0.5
good price service,positive,0.7,0.6
polite informative,negative,0.0,0.0
joke want £50 talk someone phone,negative,0.0,0.0
efficientwill move sat dish install,negative,0.0,0.0
nan,negative,0.0,0.0
straight forward,positive,0.2,0.4
nan,negative,0.0,0.0
everything explain well,negative,0.0,0.0
great price,positive,0.8,0.75
place order online free installation activation contract send next day one charge £30 order get sort call hour half lie two member team finally transfer someone could help minute although contract still charge believe staff badly train try complain member complaint team try convince ask speak manager fairness manager come say everything resolve understand would want talk manager like prime minister supervisor call centre sure even bother recounting like anyone company care,negative,-0.04,0.53
easy set,positive,0.43,0.83
person set account helpful fully explain everything,negative,0.0,0.0
person speak help understand fantastic team work best experience wasnnot stressful pervasive make experience stressful never best customer care ever,positive,0.3,0.5
friendly staff explain everything simple way,positive,0.19,0.43
efficient service great price fast setupdelivery great round,positive,0.4,0.62
nan,negative,0.0,0.0
nan,negative,0.0,0.0
helpful phone organise everything good service thing miss pac code transfer number new sim,positive,0.42,0.53
excellent service advise package deal connect,positive,1.0,1.0
lie tell company already home could set five day find there¬ cable anywhere near home they¬ dig entire share drive company disappointed cancel,negative,-0.22,0.59
finally able speak someone helpful go forward would suggest would helpful phone number easily accessible come close give online signing,positive,0.44,0.5
friendly customer service clear explanation include,positive,0.24,0.44
customer service good,positive,0.7,0.6
nan,negative,0.0,0.0
engineer extremely competent vast knowledge service available company unaware request streaming hub sport add ons rat excellent read job note attend last call requested,positive,0.32,0.61
sade extremely friendly helpful,positive,0.38,0.5
network doesn¬ work area apartment,negative,0.0,0.0
great job lovely team,positive,0.65,0.75
efficient friendly,positive,0.38,0.5
great customer service best wifi market also like hear company engineer use white box wire install completion,positive,0.6,0.35
helpful friendly,positive,0.38,0.5
initial sale great employee knowledgeable explain process benefit trouble set device receive support staff extremely helpful get run perfect experience,positive,0.3,0.59
competence friendly manner call even though crowded surrownding set contract everything fine,positive,0.4,0.5
cord connect wall unit size,negative,0.0,0.0
nan,negative,0.0,0.0
happy way contract sell,positive,0.8,1.0
interne work properly,negative,0.0,0.1
colleague friendly knowledgable,positive,0.38,0.5
nan,negative,0.0,0.0
technician nice,positive,0.6,1.0
na,negative,0.0,0.0
great price competitive,positive,0.8,0.75
helpful thorough patient throughout,negative,0.0,0.0
amaze customer service sade,negative,0.0,0.0
perfect,positive,1.0,1.0
nan,negative,0.0,0.0
guy speak amaze customer service skill polite friendly professional assist way find correct broadband,positive,0.24,0.3
contact regard login problem sort yet,negative,0.0,0.0
great deal ur salesman phone good accommodate explain everything need know,positive,0.75,0.68
cut 3 time finally get service great frustrate cut many time,positive,0.43,0.75
pleasant call centre agent fast installation external box,positive,0.31,0.56
person phone polite give information need make right choice broadband best one,positive,0.64,0.42
excellent support make easy,positive,0.72,0.92
helpful explain everything ask,negative,0.0,0.0
easy change friendly professional call taker,positive,0.3,0.48
fantastic service,positive,0.4,0.9
tell could supply service property move tell order connect would lay trench dig front property rent property give permission work without precise detail involve impact landlordis property garden make clear time discuss service company medium could provide discuss connection visit engineer would conect router,positive,0.25,0.59
nan,negative,0.0,0.0
prompt response,negative,0.0,0.0
nan,negative,0.0,0.0
great service quick set,positive,0.57,0.62
nan,negative,0.0,0.0
nan,negative,0.0,0.0
nan,negative,0.0,0.0
nan,negative,0.0,0.0
sign service someone either mi enter use email address tell fraud group still get email,negative,0.0,0.0
nan,negative,0.0,0.0
nan,negative,0.0,0.0
helpful,negative,0.0,0.0
excellent service,positive,1.0,1.0
nan,negative,0.0,0.0
nan,negative,0.0,0.0
great service phone brilliant package previous provider 8y could even match round satisfied,positive,0.37,0.66
nan,negative,0.0,0.0
helpful,negative,0.0,0.0
great customer service,positive,0.8,0.75
great benefit pricey,positive,0.8,0.75
customer service awful really need ditch overseas call center kindness understand voice go long way feel contempt operator voice snigger laugh say understnd say feel intentional quite get word due strong accent save grace physical connection stability thankfully connection quality good rarely ever thank goodness contact call center would touch barge pole otherwise take look broadband operator absolutely marvellous lesson learn brush carpet haha,negative,0.07,0.45
good wifi would deliver 7am 7pm stay house day work home wifi delivery never show day waste customer service receive polite totally ineffective unhelpful,positive,0.17,0.45
everything sort easily,positive,0.43,0.83
experience yet installation june 3rd,negative,0.0,0.0
nan,negative,0.0,0.0
nan,negative,0.0,0.0
good service reasonable price,positive,0.45,0.6
nan,negative,0.0,0.0
nan,negative,0.0,0.0
nan,negative,0.0,0.0
advisor explain everything clearly detailhe helpful patient friendly make comfortable,positive,0.29,0.56
nan,negative,0.0,0.0
introduce back company friend could find offer £50 etc end conversation,negative,0.0,0.0
nan,negative,0.0,0.0
dealt quickly guy come set tvhub good,positive,0.52,0.55
like quick response get everything,positive,0.33,0.5
communication skill poor hard ear well explain thing properly proper english company medium also put thing ask even say thing put thing,negative,-0.17,0.31
happy service,positive,0.8,1.0
move property last june unable enjoy service company medium provide previous address 30 year due previous owner decline installation already sky instal assume sure cable would run property directly kerb line drive house set back ask service available move advise time advise company medium always expand service enquire new year enquire early may sale operative extremely helpful able call back advise would book site visit carry survey hopeful would get service miss past 10 month engineer call discuss route since thing move along swiftly termination box end property access instal last week civils work running cable yesterday full install property due next monday like time meet positive attitude degree curtesy find lack company recent year well done company medium,negative,0.06,0.36
company medium worst company ever use cut phone notice go bk terrible company keep phone number witch promise would even make mess av give us new number absolutely disgust,negative,-0.37,0.71
great service engineer come next day lovely get run time,positive,0.43,0.5
fast,positive,0.2,0.6
engineer steve time friendly helpful ðxx0018,positive,0.38,0.5
customer care sound nicely rule read many thing expect make decision base really odd let use service think recommendation please,positive,0.11,0.63
polite well know job inside,negative,0.0,0.0
quick efficient good coverage,positive,0.52,0.55
sale staff extremely helpful easy talk,positive,0.15,0.92
helpful staff,negative,0.0,0.0
percy explain thing clearly understood start want hard sell listen understanding top mark percy thank,positive,0.1,0.47
team come friendly explain need also clear fact one trainee still provide excellent customer service,positive,0.49,0.63
daughter go everything operator 8o year old understand lot language use technically want able know enjoy daughter praise service highly,positive,0.23,0.39
new company medium say yet like service set account,positive,0.14,0.45
efficient,negative,0.0,0.0
helpful informative,negative,0.0,0.0
gentleman deal us helpful friendly deserve lot credit nice man,positive,0.49,0.75
nan,negative,0.0,0.0
really easy get deal want really friendly staff patient whilst wait mortgage go great value money easy book date installation suit,positive,0.51,0.73
